"idzaoTweet","object"
969003989432983552,"1"
969008217484382208,"0"
969008550084308992,"1"
969190378984431616,"0"
969218457916051456,"1"
969248512662757376,"0"
969256209294528512,"0"
969281569000050688,"1"
969421680253714432,"1"
969534709746360320,"1"
969618781290029056,"0"
969678265676980224,"1"
969786214881603584,"1"
969965324564037632,"1"
970021362990571520,"0"
970036021181206528,"0"
970054551448453120,"0"
970066040389554176,"1"
970076534156546048,"1"
970089661807738880,"1"
970126113744842752,"1"
970151775570337792,"1"
970333253327441920,"1"
970350685106659328,"1"
970473209291264000,"0"
970536469726220288,"1"
970536526991056896,"1"
970536563175231488,"1"
970536596314390528,"1"
970536637020213248,"1"
970554245383516160,"0"
970555331687284736,"1"
970557295485579264,"1"
970557845224660992,"0"
970647759819821056,"1"
970744086092177408,"1"
970744906804326400,"0"
970785347377475584,"1"
970798287824543744,"1"
970963215088627712,"1"
971056677993746432,"1"
971087180520140800,"0"
971092833816936448,"1"
971096013510455296,"0"
971104320988082176,"1"
971177285825986560,"1"
971204798086373376,"0"
971210367455121408,"1"
971350010473385984,"0"
971371986558640128,"0"
971407934793101312,"0"
971417958567370752,"0"
971421736448147456,"1"
971430687394992128,"0"
971433526460641280,"0"
971467934655762432,"0"
971475193171386368,"1"
971511170292240384,"1"
971542101526765568,"1"
971554889359921152,"1"
971659320797683712,"1"
971662556698902528,"0"
971666096330825728,"1"
971667381771800576,"1"
971697931584790528,"1"
971730064483041280,"0"
971757327287246848,"0"
971773848470347776,"1"
971788015487062016,"1"
971800277568409600,"0"
971804780338098176,"0"
971806111820124160,"0"
971825139301126144,"0"
971853205368909824,"0"
971866705587834880,"1"
972084854799056896,"0"
972108547264798720,"0"
972126352097898496,"1"
972136831813914624,"1"
972137634255515648,"1"
972154404517314560,"1"
972166347005267968,"1"
972166831766163456,"0"
972186621130010624,"1"
972195168454692864,"0"
972216177496911872,"1"
972223129576726528,"0"
972227690429370368,"1"
972266412445224960,"1"
972266944148754432,"0"
972284239499718656,"1"
972321249119604736,"0"
972387314407264256,"1"
972392175022628864,"1"
972395527752085504,"1"
972443509843210240,"1"
972453311105429504,"0"
972474134172233728,"1"
972480197386735616,"1"
972481979550597120,"0"
972491431121182720,"1"
972503112979238912,"0"
972513722165088256,"0"
972525226138497024,"0"
972528673566883840,"0"
972539220383490048,"0"
972551440278401024,"1"
972555424640782336,"1"
972582952042483712,"1"
972602681335402496,"0"
972607114102431744,"1"
972635068756889600,"1"
972653688287358976,"1"
972668552359661568,"1"
972697391643193344,"0"
972725703094480896,"1"
972777613092642816,"0"
972777792084566016,"0"
972782961115435008,"1"
972790979727159296,"1"
972799368997859328,"0"
972813610450931712,"1"
972831398045405184,"0"
972834795779698688,"0"
972852940854579200,"0"
972854196155375616,"1"
972858704205897728,"0"
972861369765769216,"1"
972872599310098432,"1"
972884340706304000,"1"
972886037897891840,"1"
972915494352228352,"1"
972921278926655488,"0"
972926245024489472,"0"
972934985702354944,"0"
972939864961376256,"0"
972942419254763520,"1"
972943295172239360,"1"
972956266678104064,"0"
972972099450138624,"1"
972995402613051392,"1"
973002612483248128,"1"
973015851606728704,"0"
973059342034395136,"0"
973086302647279616,"1"
973093163605872640,"1"
973122682828066816,"0"
973154140674297856,"1"
973167039098576896,"0"
973184406893613056,"1"
973187314854875136,"1"
973189683596398592,"1"
973197276926619648,"1"
973223429397721088,"1"
973228361911799808,"0"
973234991470710784,"1"
973235351648129024,"1"
973235352554102784,"1"
973236985858011136,"1"
973254340717707264,"1"
973255908066320384,"0"
973256261876813824,"1"
973266823738216448,"1"
973269976013529088,"1"
973276798200041472,"1"
973277761623248896,"1"
973277824617517056,"1"
973280834303209472,"0"
973286531191406592,"1"
973287748038791168,"1"
973289133815844864,"1"
973295560986853376,"0"
973297333088718848,"1"
973310593791819776,"0"
973316500642848768,"1"
973319425322516480,"0"
973337706381107200,"1"
973347955930468352,"0"
973360179050962944,"1"
973374571666698240,"1"
973379163158667264,"1"
973385376638304256,"1"
973393342972284928,"0"
973420589431115776,"1"
973526785945108480,"0"
973533055246794752,"1"
973541739343605760,"1"
973544775201812480,"1"
973547554834079744,"1"
973550203226771456,"0"
973551495135318016,"1"
973555731814322176,"1"
973565284232630272,"0"
973567063687131136,"1"
973589026467917824,"0"
973590859261333504,"1"
973603919401246720,"1"
973614756744613888,"1"
973616972666626048,"1"
973617217496641536,"1"
973619131487485952,"0"
973629946596855808,"1"
973637392572862464,"1"
973640075182526464,"1"
973646690405244928,"1"
973677225332674560,"1"
973694955355910144,"1"
973702708912885760,"1"
973716847261609984,"0"
973727320568573952,"1"
973733449860308992,"1"
973744880655781888,"1"
973783761614786560,"1"
973802102798585856,"0"
973812579977097216,"0"
973819507511844864,"1"
973827091581030400,"1"
973828012088217600,"1"
973829950745833472,"1"
973850081907666944,"0"
973850082163519488,"0"
973882068420759552,"0"
973904409691291648,"0"
973908251166363648,"0"
973909134868348928,"1"
973923172532801536,"1"
973927932371591168,"1"
973943876875677696,"1"
973950702342033408,"1"
973952030002810880,"1"
973955741148172288,"1"
973956421611073536,"0"
973956658568269824,"1"
973967894722719744,"0"
973968295979298816,"0"
973970994334437376,"0"
973975299758141440,"0"
973977823609270272,"1"
973977910066450432,"1"
973982710044680192,"1"
973993616644427776,"0"
973993733065715712,"0"
973994366980239360,"1"
973997605138046976,"1"
973998527654387712,"1"
973999590910431232,"0"
974013319844716544,"0"
974016888559882240,"1"
974021794196869120,"1"
974022830085066752,"0"
974027646274240512,"1"
974043152142217216,"1"
974045429582180352,"1"
974072510781194240,"0"
974072696953851904,"1"
974087826613702656,"0"
974105936322326528,"0"
9.74127118799e+17,"1"
974130720514875392,"1"
974172096686383104,"1"
974238418183098368,"0"
974238437493657600,"1"
974255392225136640,"1"
974263983824953344,"1"
974268406303264768,"0"
974270219530260480,"0"
974274208476704768,"1"
974274275166310400,"0"
974279244976197632,"1"
974282329756786688,"1"
974285898018906112,"1"
974286445484630016,"1"
974287438339330048,"1"
974288037025865728,"1"
974289266007306240,"1"
974297167048400896,"0"
974299343497891840,"1"
974309452517126144,"1"
974309638299705344,"0"
974313089523994624,"1"
974324384386174976,"1"
974325806011965440,"0"
974327232909991936,"1"
974330008176136192,"1"
974331155838308352,"0"
974337196323897344,"1"
974342311441186816,"1"
974344639695196160,"0"
974346534610522112,"1"
974348531187306496,"1"
974355880631205888,"1"
974363674096914432,"1"
974372661219479552,"1"
974382944641888256,"1"
974384244482084864,"0"
974396404994060288,"0"
974401167240425472,"1"
974402396750303232,"1"
974406480718958592,"1"
974419857910517760,"1"
974420227898343424,"1"
974420628018286592,"0"
974434942196289536,"0"
974452648798773248,"0"
974456377967071232,"1"
974471131716440064,"0"
974491317416878080,"0"
974494742024278016,"1"
974498282775990272,"0"
974503821740093440,"1"
974505576175607808,"0"
974507891242582016,"1"
974520470639800320,"0"
974540861412274176,"1"
974557687231922176,"0"
974561502328971264,"1"
974562687765155840,"1"
974583709776171008,"0"
974587679055798272,"0"
974589452185153536,"1"
974596445012709376,"0"
974596979195088896,"0"
974597760912588800,"1"
974599150212968448,"1"
974604752473526272,"1"
974606066372759552,"1"
974608157816377344,"1"
974608488751075328,"1"
974608964401889280,"0"
974609219747024896,"1"
974609669598703616,"0"
974610041180508160,"1"
974610514616705024,"1"
974610679503249408,"1"
974613102741348352,"1"
974613441402081280,"1"
974619619305672704,"1"
974620754787667968,"0"
974623384557453312,"0"
974626866874273792,"0"
974630529780846592,"1"
974631367408537600,"1"
974632974066036736,"1"
974633939414462464,"0"
974638901586411520,"0"
974640381903167488,"0"
974640744433582080,"1"
974641724986462208,"1"
974642676829179904,"0"
974645197639368704,"1"
974646073926078464,"1"
974646816808554496,"0"
974646825918623744,"0"
974649460977553408,"1"
974652625516945408,"1"
974652868144910336,"0"
974653469914214400,"1"
974654341775753216,"1"
974660767428509696,"1"
974661285311909888,"1"
974661570247749632,"0"
974661586055962624,"0"
974663035989233664,"0"
974664230111768576,"1"
974665711875325952,"1"
974667830766587904,"1"
974668353347489792,"1"
974671208456376320,"1"
974674815276724224,"1"
974674868947038208,"1"
974675474667499520,"0"
974680717178306560,"1"
974681874634166272,"0"
974682177265913856,"1"
974682611296751616,"1"
974682980756148224,"1"
974683528284770304,"1"
974686070435663872,"0"
974687882211397632,"0"
974689687309864960,"1"
974690230186991616,"1"
974691441116106752,"1"
974692647712493568,"1"
974693197938155520,"1"
974695869755768832,"0"
974698946021994496,"1"
974699376269516800,"0"
974699551083892736,"0"
974700409939025920,"1"
974701282463309824,"1"
974701300418932736,"0"
974701618296913920,"1"
974701841563963392,"0"
974701853933006848,"1"
974706477804945408,"0"
974706869808676864,"1"
974707316665868288,"1"
974707929088712704,"0"
974709130932957184,"0"
974710045454807040,"1"
974710784671567872,"1"
974711851811565568,"1"
974712922575224832,"1"
974714454112899072,"1"
974714955495821312,"0"
974715168436510720,"0"
974715592929431552,"1"
974715597366931456,"0"
974715715671511040,"1"
974718195977342976,"1"
974718200607887360,"1"
974718858824216576,"1"
974720038459641856,"1"
974722110798073856,"1"
974722981191651328,"1"
974724558719782912,"0"
974725817489154048,"1"
974727490869645312,"1"
974729065889501184,"0"
974729655918956544,"0"
974730789110808576,"1"
974730890986377216,"1"
974732408552476672,"1"
974733433724383232,"0"
974734243623591936,"1"
974735594986332160,"0"
974735984410574848,"1"
974737695019884544,"1"
974737957839147008,"1"
974741104024199168,"1"
974742140256505856,"1"
974743870121697280,"1"
974745128245002240,"1"
974746064996716544,"1"
974752257462939648,"1"
974752993475284992,"1"
974753447957364736,"1"
974754484739035136,"1"
974756906655993856,"0"
974757871995912192,"0"
974758506019590144,"0"
974760275021742080,"0"
974761748887687168,"1"
974762796016635904,"1"
974763365506715648,"1"
974763991410118656,"1"
974764171093929984,"1"
974764242724306944,"1"
974764771126992896,"0"
974766766839779328,"1"
974768165170368512,"1"
974768592800579584,"0"
974771465403994112,"1"
974771698238078976,"1"
974772511362764800,"1"
974773691820146688,"1"
974774212261920768,"0"
974776382977904640,"0"
974777074518052864,"1"
974780217502859264,"1"
974790584115302400,"1"
974790828949409792,"0"
974791240335200256,"0"
974792399607226368,"1"
974792502548094976,"0"
974792654314668032,"0"
974792758484402176,"0"
974797539923738624,"1"
974797815971856384,"1"
974797824742260736,"1"
974800781076439040,"1"
974805987608662016,"1"
974806294178795520,"1"
974812363223420928,"1"
974812793420615680,"1"
974813447702462464,"0"
974813565667323904,"0"
974813767161622528,"0"
974814031734128640,"1"
974814405165703168,"0"
974814686582538240,"1"
974819587085750272,"0"
974819629330726912,"1"
974821680395599872,"1"
974829006796320768,"1"
974829515238080512,"1"
974832825638772736,"0"
974834859020636160,"1"
974839275484274688,"1"
974841620259622912,"1"
974841872198897664,"0"
974843714190368768,"0"
974846780503482368,"1"
974850561161023488,"1"
974861058362847232,"1"
974861694861266944,"0"
974871906808750080,"1"
974874872106102784,"1"
974875330027687936,"1"
974878256628367360,"1"
974892307064422400,"1"
974900401689460736,"1"
974902467031945216,"0"
974904549851967488,"1"
974904588523450368,"1"
974904987343040512,"1"
974907316180078592,"1"
974911498827870208,"0"
974916087627182080,"1"
974918382524002304,"1"
974919733043777536,"1"
974919894981525504,"1"
974922949923934208,"0"
974923291239514112,"1"
974925880429604864,"1"
974927237995745280,"1"
974928344071528448,"0"
974929088279404544,"1"
974929979174719488,"0"
974933434517860352,"0"
974933460124160000,"1"
974933526452883456,"1"
974934371965788160,"1"
974935078165012480,"0"
974935814810537984,"1"
974936797594742784,"1"
974936921993547776,"0"
974937766206296064,"1"
974938847040688128,"0"
974938894008397824,"0"
974939670927822848,"0"
974941839668203520,"0"
974942165540442112,"1"
974942309572890624,"0"
974944469450571776,"1"
974944663663718400,"1"
974946417088352256,"0"
974948256605179904,"1"
974948463002529792,"1"
974948593420394496,"1"
974949468549341184,"1"
974950341157576704,"1"
974954043507400704,"0"
974954652318957568,"1"
974955053311242240,"1"
974955383344201728,"1"
974956478246326272,"1"
974961670115209216,"1"
974961959182503936,"1"
974962695769329664,"1"
974963562660745216,"0"
974964000642363392,"0"
974964031558750208,"1"
974964834163970048,"1"
974965531215319040,"1"
974966435062665216,"1"
974966549290405888,"0"
974966743037865984,"1"
974966827947380736,"0"
974967197066936320,"1"
974970272720834560,"0"
974970546143232000,"0"
974970725500096512,"1"
974971351260909568,"1"
974971457611673600,"1"
974971642114924544,"1"
974972356350365696,"0"
974972618276311040,"0"
974972911688802304,"0"
974973040873394176,"1"
974973493287837696,"0"
974974295574278144,"0"
974974531986173952,"0"
974974757505523712,"1"
974974842440224768,"0"
974975573108887552,"0"
974975706689130496,"0"
974976811615563776,"0"
974977084949921792,"1"
974978727842115584,"0"
974978776894406656,"1"
974979310632296448,"1"
974979830046429184,"1"
974980017766612992,"1"
974980292372041728,"1"
974980649747648512,"1"
974980720568528896,"1"
974981214401650688,"0"
974981216981135360,"0"
974982177879404544,"1"
974982482201366528,"0"
974983156221792256,"0"
974984353754353664,"0"
974984830441132032,"0"
974985390271721472,"0"
974985878572621824,"1"
974986207271768064,"1"
974986459873796096,"1"
974987270083239936,"1"
974987377298038784,"1"
974988244029984768,"1"
974988246605271040,"1"
974988760847912960,"1"
974988853063888896,"0"
974988982126809088,"1"
974989628720676864,"0"
974990031592067072,"1"
974990939323355136,"0"
974991522851622912,"0"
974992023710326784,"0"
974992403785568256,"0"
974992524015218688,"0"
974993513074036736,"0"
974993773779406848,"1"
974993864477106176,"0"
974994080383033344,"0"
974994123160739840,"1"
974994151157784576,"0"
974994212210044928,"1"
974994516175302656,"0"
974994984222052352,"1"
974995056179531776,"1"
974995071606116352,"1"
974997049606275072,"1"
974997772003893248,"0"
974998228440674304,"1"
974998484603387904,"1"
974999112385900544,"1"
974999183148142592,"1"
974999767750098944,"0"
974999877636775936,"1"
975000019542605824,"1"
975000882382360576,"1"
975001377725349888,"0"
975001379667415040,"1"
975001388144123904,"1"
975002579724890112,"1"
975002699157721088,"0"
975002894691905536,"0"
975004264643866624,"1"
975004470521286656,"1"
975004868883701760,"0"
975005224929767424,"0"
975005273206263808,"0"
975005349114728448,"0"
975006820514361344,"0"
975006904681365504,"1"
975007141349220352,"1"
975008083377205248,"1"
975008510764355584,"0"
975008567433547776,"1"
975008959152164864,"1"
975009013820743680,"1"
975009144121028608,"1"
975009146213937152,"0"
975009324136304640,"1"
975009603414085632,"1"
975009650713112576,"0"
975011396843864064,"0"
975011413994496000,"1"
975011704953335808,"1"
975011904178544640,"1"
975012481520238592,"0"
975012485349724160,"1"
975012881413664768,"1"
975012891773538304,"1"
975013200549810176,"1"
975013250269175808,"1"
975013718466744320,"0"
975014452843171840,"1"
975014538809667584,"0"
975014628764897280,"1"
975014677976625152,"0"
975014854259105792,"1"
975015651092975616,"1"
975016218666074112,"1"
975016280242696192,"0"
975016364455931904,"1"
975016438741299200,"0"
975016492365504512,"0"
975017114359779328,"1"
975017218105802752,"1"
975017736396042240,"1"
975017936476917760,"0"
975018110653747200,"1"
975018644857114624,"1"
975018790894350336,"1"
975018881063489536,"1"
975018990312480768,"1"
975019275688775680,"1"
975019282454253568,"1"
975019711049224192,"1"
975019889659383808,"1"
975019926296694784,"0"
975020090759491584,"1"
975020105116549120,"0"
975020441084493824,"0"
975021456739348480,"1"
975022343738281984,"1"
975023465731371008,"1"
975024151848194048,"1"
975024184597213184,"1"
975024405138034688,"1"
975024537711644672,"1"
975024691529375744,"1"
975024723930304512,"0"
975024899763744768,"1"
975024990428033024,"1"
975025766709653504,"0"
975026514516430848,"1"
975027010358607872,"1"
975027057615917056,"1"
975027214457585664,"0"
975027809356787712,"0"
975028418956808192,"0"
975028570740404224,"1"
975028612645752832,"1"
975028981148864512,"1"
975029511765901312,"0"
975029521773682688,"1"
975029573665677312,"1"
975029689281425408,"0"
975029917883813888,"1"
975030344649818112,"0"
975030742278316032,"0"
975032014343680000,"1"
975032159516942336,"1"
975032474282717184,"0"
975033050198302720,"0"
975034176012419072,"1"
975034899332608000,"0"
975034962549370880,"0"
975035332461842432,"1"
975035338795245568,"1"
975035486229102592,"0"
975035991458271232,"0"
975036060412637184,"1"
975036438948573184,"1"
975036453775388672,"0"
975036619425116160,"1"
975036885692239872,"1"
975036994836488192,"0"
975037399637118976,"0"
975037753011339264,"1"
975038670855163904,"1"
975038714534662144,"0"
975038816443650048,"1"
975039060250050560,"1"
975039064553345024,"0"
975039066717736960,"0"
975039154672357376,"0"
975039234640896000,"0"
975039424827240448,"1"
975039762292723712,"1"
975039769624416256,"0"
975039945822781440,"1"
975040777125494784,"0"
975040824328138752,"1"
975041469185654784,"1"
975041640946634752,"1"
975041679894999040,"1"
975042247799529472,"1"
975042385397895168,"1"
975042531078520832,"1"
975042577333239808,"1"
975042897153351680,"1"
975042904476585984,"0"
975044417701711872,"0"
975044959274332160,"0"
975045238405435392,"1"
975045308907425792,"1"
975045363169202176,"0"
975046043984265216,"1"
975046175421186048,"0"
975047007290249216,"0"
975047105910837248,"1"
975047106305110016,"1"
975047482592854016,"1"
975048504463601664,"1"
975049485674987520,"0"
975049723617955840,"0"
975050605470380032,"1"
975051153112117248,"0"
975051361170501632,"0"
975051389331177472,"1"
975051449016180736,"0"
975052401324580864,"1"
975052467573612544,"0"
975052666622660608,"1"
975053220333674496,"1"
975053225543065600,"1"
975053226344157184,"1"
975053305658380288,"1"
975053936305504256,"1"
975054279441567744,"1"
975054703653478400,"1"
975055078561284096,"0"
975056539550658560,"0"
975056996088123392,"1"
975057358832402432,"1"
975057524977172480,"0"
975057526306889728,"0"
975057974921228288,"1"
975058525545213952,"0"
975058834900377600,"0"
975059494890852352,"1"
975059620849946624,"1"
975059656816119808,"1"
975059662801461248,"0"
975059668396658688,"0"
975060180814696448,"1"
975060247621414912,"1"
975060922493435904,"0"
975061116236812288,"1"
975061364984176640,"1"
975061462115864576,"1"
975061965533007872,"1"
975062472846606336,"0"
975062491016376320,"1"
975062638731452416,"0"
975063213246242816,"1"
975063449670733824,"1"
975063849480044544,"1"
975064912245305344,"1"
975064973129932800,"1"
975065528611037184,"1"
975065531609907200,"0"
975065762254614528,"1"
975066263436349440,"1"
975067589545283584,"0"
975067613192585216,"1"
975067724996075520,"1"
975068135672791040,"1"
975068228337750016,"0"
975068311254806528,"1"
975068629145407488,"1"
975069107086270464,"0"
975069258882408448,"0"
975069261373812736,"0"
975069778707603456,"1"
975070210259636224,"1"
975070362970017792,"0"
975070472227483648,"1"
975070555526266880,"1"
975071157362839552,"1"
975071544178196480,"1"
975072078851436544,"0"
975072228147630080,"1"
975072867929993216,"1"
975073332151439360,"1"
975073386723512320,"0"
975073541338038272,"1"
975073701199777792,"1"
975073869726859264,"1"
975074304198168576,"1"
975074321856114688,"1"
975075133034463232,"1"
975075535113084928,"0"
975075805125586944,"1"
975075889653350400,"1"
975075976978759680,"0"
975075980564926464,"1"
975076208235941888,"0"
975076253379235840,"1"
975076808361172992,"0"
975076928376983552,"1"
975077105888350208,"1"
975077568113205248,"1"
975077886393712640,"1"
975077887417208832,"1"
975078359632875520,"1"
975078480160403456,"1"
975078819584401408,"1"
975080099283374080,"1"
975080122838605824,"1"
975080456331972608,"1"
975080613433823232,"0"
975080754895048704,"1"
975080769579298816,"0"
975081102154092544,"0"
975081705706020864,"0"
975081819786788864,"0"
975081876959440896,"1"
975081894630043648,"1"
975082170870939648,"0"
975082257420570624,"1"
975082521770774528,"0"
975082589177483264,"0"
975082866160930816,"1"
975082938185519104,"1"
975083440763584512,"1"
975083458761494528,"1"
975083736890068992,"0"
975084361300062208,"1"
975084388517122048,"1"
975084583342526464,"1"
975084588858003456,"1"
975084639730700288,"0"
975084766528643072,"1"
975084817569075200,"0"
975084917565607936,"0"
975085032569294848,"1"
975085291324280832,"1"
975085413328138240,"0"
975085680056569856,"0"
975085921623257088,"1"
975086504849629184,"1"
975086929179004928,"0"
975087047886168064,"1"
975087150076190720,"1"
975087541597671424,"1"
975087552083439616,"1"
975088647195291648,"1"
975088683924774912,"0"
975088745094492160,"0"
975089845365243904,"1"
975089851677593600,"1"
975090180662157312,"1"
975090651401478144,"0"
975090850014298112,"1"
975091038359494656,"0"
975091231528226816,"0"
975091282057027584,"0"
975091726863028224,"1"
975091727651495936,"0"
975092139666190336,"1"
975092385628721152,"1"
975092758808469504,"1"
975092928422006784,"0"
975093240847355904,"1"
975093367636987904,"1"
975093400100917248,"1"
975093861230952448,"1"
975094033986056192,"1"
975094047554486272,"1"
975094604696563712,"0"
975094786012131328,"0"
975094885652017152,"0"
975094987439386624,"1"
975095102120120320,"1"
975095412037218304,"1"
975095830595145728,"1"
975095879031054336,"0"
975097012042567680,"1"
975097065129893888,"0"
975097794863206400,"1"
975097820377157632,"1"
975098145339305984,"1"
975098522298183680,"1"
975098977422016512,"0"
975099071710007296,"0"
975099168699109376,"1"
975099540733743104,"0"
975099552658313216,"1"
975099593246560256,"0"
975099619641364480,"1"
975100206185361408,"1"
975100470632042496,"1"
975100568086761472,"0"
975100631483670528,"0"
975101239326277632,"1"
975101931491180544,"1"
975102285067022336,"0"
975102959649525760,"1"
975103567475462144,"1"
975103736472272896,"1"
975104395129090048,"0"
975104635009724416,"1"
975105034051493888,"1"
975105549133074432,"1"
975106286474973184,"1"
975106362240880640,"0"
975107832373743616,"0"
975108350412288000,"1"
975109360803368960,"1"
975109591020265472,"1"
975110544150749184,"0"
975110812472930304,"1"
975111046439432192,"0"
975111462929625088,"1"
975111664503853056,"1"
975112269624299520,"1"
975113326287048704,"1"
975114673317122048,"1"
975114702698184704,"1"
975114766606794752,"1"
975115147755905024,"1"
975115189686124544,"1"
975115576174669824,"1"
975116487001366528,"0"
975116825620090880,"0"
975118672179023872,"1"
975119719488516096,"1"
975119795782868992,"1"
975120037878083584,"0"
975120729703403520,"0"
975120746572894208,"1"
975121846554300416,"1"
975122771788353536,"0"
975123494315986944,"1"
975124152054177792,"1"
975124359827394560,"1"
975124756474335232,"1"
975124852075122688,"1"
975124975769276416,"1"
975125290358886400,"1"
975125367953424384,"0"
975126440890028032,"0"
975126793840746496,"1"
975127169528672256,"0"
975127279113142272,"0"
975127648358883328,"1"
975127791212646400,"1"
975128406424784896,"1"
975128882214031360,"0"
975129210061709312,"0"
975129789215453184,"0"
975129825252986880,"1"
975129881901182976,"0"
975130482127056896,"1"
975131997747208192,"0"
975132186251808768,"0"
975132671650291712,"1"
975133148408410112,"0"
975133191421026304,"1"
975133260278845440,"0"
975133290565861376,"1"
975133456920403968,"1"
975133653813612544,"1"
975133764060876800,"1"
975134053761470464,"1"
975134224515772416,"1"
975135260617990144,"1"
975135380457558016,"1"
975135452700270592,"1"
975135894113079296,"0"
975136001319424000,"1"
975136140826218496,"1"
975136350105210880,"1"
975136764263202816,"1"
975136865153101824,"1"
975137199917273088,"1"
975139972201238528,"1"
975140663380516864,"1"
975140732901167104,"0"
975141009976975360,"0"
975141501528432640,"1"
975141874855006208,"1"
975142049883156480,"0"
975142804518207488,"1"
975143334665596928,"1"
975143391121035264,"1"
975143404475740160,"1"
975144026545557504,"0"
975145118880722944,"1"
975146036644720640,"1"
975146138365054976,"0"
975146396927053824,"1"
975146444058439680,"1"
975146841074491392,"0"
975146941280497664,"1"
975147972563472384,"1"
975148561573740544,"1"
975148904151793664,"1"
975148987270524928,"0"
975149177498886144,"0"
975149238731640832,"1"
975149514913865728,"1"
975150138883702784,"0"
975150459798413312,"0"
975150873411244032,"1"
975150876120797184,"1"
975151205440741376,"0"
975151810632736768,"0"
975152087632896000,"1"
975152451291701248,"1"
975152561853517824,"1"
975152795363020800,"1"
975153064826101760,"1"
975153081154355200,"0"
975153526971224064,"0"
975154512523677696,"1"
975155034815045632,"1"
975156135408930816,"1"
975156547331547136,"0"
975157606800031744,"0"
975157747401547776,"0"
975157971406741504,"1"
975158107750924288,"1"
975158253855395840,"0"
975158298453401600,"1"
975159179869675520,"0"
975159223507193856,"0"
975159739209408512,"0"
975159903751983104,"1"
975160264516669440,"1"
975160438789849088,"1"
975160504741187584,"1"
975160512299253760,"1"
975160750359613440,"0"
975161550184083456,"1"
975161968725196800,"1"
975162588198785024,"1"
975162882957684736,"1"
975163084091346944,"1"
975163121223417856,"0"
975163681402073088,"0"
975165660924928000,"0"
975166584867229696,"1"
975167237807013888,"0"
975167241959432192,"1"
975168282587213824,"1"
975168540213997568,"0"
975168986802397184,"1"
975169680687140864,"1"
975170531266674688,"0"
975170551449833472,"1"
975170875023593472,"1"
975170893923135488,"0"
975170922414878720,"1"
975170954979627008,"1"
975171192549240832,"1"
975171375286513664,"1"
975171971863515136,"0"
975172159772483584,"1"
975172353788399616,"0"
975172731032559616,"0"
975173310244904960,"1"
975173427207139328,"0"
975174110467842048,"1"
975174336507195392,"1"
975174627633741824,"1"
975174935504084992,"0"
975176422015881216,"1"
975176650668281856,"0"
975177410986627072,"0"
975177739971031040,"1"
975178344105947136,"0"
975178702148526080,"0"
975178718980194304,"1"
975178755886010368,"0"
975179807569956864,"1"
975179901815967744,"1"
975179945323491328,"1"
975181076506316800,"0"
975181539565817856,"1"
975182238919905280,"1"
975182402191413248,"1"
975182541949886464,"1"
975183180331446272,"1"
975183473072852992,"0"
975183566656061440,"1"
975183771740884992,"1"
975183853223542784,"1"
975183870449643520,"0"
975184057247125504,"1"
975184057914060800,"1"
975184478581739520,"1"
975184696505257984,"0"
975184823424815104,"0"
975184926734782464,"1"
975185396102500352,"0"
975185716975194112,"1"
975185884516511744,"1"
975186674425745408,"1"
975186931314290688,"1"
975187007558373376,"0"
975187098545176576,"1"
975187454067175424,"0"
975187520169406464,"0"
975187558408781824,"0"
975187848675581952,"1"
975187909333651456,"1"
975188153278615552,"0"
975188413673562112,"1"
975188466601373696,"0"
975188574634037248,"1"
975188912736952320,"1"
975189061974466560,"0"
975189668382855168,"0"
975189698061766656,"1"
975189988219473920,"1"
975190021375344640,"1"
975190090971537408,"1"
975190217366716416,"1"
975190638064005120,"0"
975190811158679552,"0"
975191123256897536,"0"
975191134187196416,"1"
975191276655202304,"0"
975191570810068992,"1"
975191576090763264,"1"
975191589847957504,"0"
975191615844347904,"1"
975191755443392512,"0"
975192219429810176,"1"
975192281958551552,"0"
975192766333505536,"0"
975192903038402560,"1"
975193314134642688,"0"
975193382883680256,"1"
975193425678127104,"1"
975193902864109568,"1"
975194046779060224,"1"
975194464594681856,"1"
975194641812410368,"0"
975194886914920448,"0"
975195161385885696,"1"
975195430697906176,"1"
975195469272973312,"0"
975195628283166720,"1"
975195665486745600,"1"
975195810035007488,"1"
975195879362580480,"1"
975196069737967616,"1"
975196094492680192,"0"
975196123416662016,"1"
975196157122097152,"1"
975196182526996480,"0"
975196200667373568,"0"
975196224524554240,"0"
975196281919418368,"0"
975196630742917120,"0"
975196743854952448,"0"
975196803070070784,"1"
975197198303612928,"0"
975197579968438272,"0"
975197726928498688,"1"
975198166764130304,"1"
975198482305814528,"1"
975198622626254848,"0"
975198731791462400,"1"
975199074155712512,"1"
975199132339011584,"0"
975199583881003008,"0"
975199611102027776,"1"
975199724713193472,"0"
975200062144958464,"1"
975200369037987840,"1"
975200552220061696,"1"
975201373875789824,"0"
975201541467631616,"1"
975201865754337280,"0"
975201965989945344,"1"
975201966904299520,"1"
975201987770789888,"0"
975202506673451008,"1"
975202590467248128,"0"
975202911935483904,"0"
975202959519862784,"1"
975203001336909824,"0"
975203127463784448,"1"
975203628716888064,"1"
975203671507177472,"0"
975203757121130496,"0"
975203770157096960,"0"
975204279702228992,"1"
975205379394162688,"1"
975205424696844288,"0"
975205498336129024,"1"
975205612891115520,"1"
975205832798416896,"0"
975206065695543296,"1"
975206209249861632,"0"
975206215365156864,"0"
975206265075978240,"1"
975206395011313664,"0"
975206699073228800,"1"
975206710142005248,"1"
975206844498169856,"1"
975207311634558976,"0"
975207389585604608,"0"
975207557441642496,"0"
975207841366724608,"1"
975207842444660736,"1"
975208189187772416,"1"
975208883357667328,"0"
975208987758157824,"0"
975209005697073152,"0"
975209105962029056,"0"
975210016469848064,"1"
975210123076530176,"1"
975210476375244800,"0"
975210627265331200,"0"
975210659745906688,"0"
975210734228557824,"1"
975210746610151424,"1"
975211223590621184,"0"
975211345196077056,"0"
975211414565474304,"1"
975211429799317504,"1"
975212375010836480,"0"
975212775214600192,"0"
975212801546489856,"1"
975212872241418240,"0"
975213093281288192,"0"
975213121601024000,"0"
975213319161307136,"0"
975213609864351744,"1"
975213749056491520,"0"
975213752172929024,"1"
975213957018349568,"0"
975213970150731776,"0"
975214042057932800,"0"
975214120935936000,"0"
975214407998308352,"1"
975214789671702528,"1"
975214840783491072,"1"
975215221512994816,"0"
975215372759543808,"0"
975215466284224512,"0"
975215641715232768,"1"
975215857461858304,"1"
975215932355366912,"1"
975216086818975744,"0"
975216812206903296,"0"
975217060094599168,"0"
975217238092509184,"1"
975217407018127360,"0"
975217434020974592,"0"
975217859885518848,"0"
975217903372029952,"1"
975217956631101440,"0"
975218501957767168,"0"
975218515257982976,"1"
975218594564005888,"0"
975219030842904576,"0"
975219202201149440,"1"
975219296979660800,"1"
975219396162539520,"1"
975219642791755776,"1"
975219768595804160,"1"
975220448676982784,"1"
975220549734592512,"0"
975220646375448576,"0"
975220758275276800,"1"
975221223822110720,"0"
975222179750141952,"0"
975223118028558336,"0"
975223369703489536,"1"
975224422234804224,"0"
975224530384900096,"0"
975224651524710400,"0"
975225692764848128,"0"
975225869127086080,"0"
975226885255839744,"0"
975227789208154112,"1"
975227834439557120,"1"
975227838805762048,"1"
975228070662754304,"1"
975228098613452800,"0"
975228163524509696,"0"
975228487417114624,"1"
975228526101254144,"1"
975228700605210624,"1"
975228714949758976,"0"
975229262415372288,"0"
975229337510309888,"0"
975229435984171008,"0"
975229440690016256,"1"
975229516623765504,"0"
975229658143666176,"0"
975229719078752256,"1"
975229941003452416,"0"
975230142682365952,"1"
975230277990731776,"1"
975230580177756160,"1"
975230805818707968,"1"
975231253040558080,"0"
975231537405988864,"0"
975231777039040512,"0"
975231918617845760,"0"
975231975303782400,"1"
975232224319557632,"1"
975232656110751744,"1"
975232754362142720,"0"
975233027889537024,"1"
975234220137242624,"1"
975235013716344832,"1"
975236334104260608,"1"
975236422100770816,"0"
975236773835083776,"0"
975237289042309120,"0"
975237675551686656,"1"
975238177538625536,"0"
975238866499235840,"1"
975240215865458688,"1"
975240275491721216,"1"
975240522527784960,"1"
975240761041137664,"1"
975240833195704320,"1"
975241050276077568,"1"
975241225916895232,"0"
975241470507659264,"1"
975242481494208512,"1"
975242631461638144,"0"
975242747740237824,"0"
975243090071048192,"0"
975243267930386432,"1"
975243381482782720,"0"
975244957849186304,"1"
975246078462308352,"1"
975246217671266304,"0"
975246555052519424,"1"
975246749773238272,"1"
975248668692484096,"1"
975248715538751488,"1"
975249534715617280,"1"
975249810386309120,"0"
975250555361689600,"1"
975250785973030912,"1"
975250863345295360,"1"
975251727925633024,"0"
975252135570018304,"0"
975252480295690240,"1"
975253148817293312,"0"
975254691884892160,"0"
975254733102358528,"0"
975256156418420736,"0"
975258681561432064,"0"
975259907099258880,"0"
975260451679428608,"1"
975260943163805696,"1"
975261702244720640,"0"
975261738290565120,"1"
975262119292645376,"1"
975263415076765696,"0"
975265513927528448,"1"
975265884737626112,"1"
975265948948156416,"0"
975266143547133952,"0"
975267091917008896,"0"
975267928034521088,"0"
975268424703193088,"1"
975268720074416128,"0"
975270242309033984,"1"
975270713421717504,"1"
975271122869436416,"0"
975271151353106432,"1"
975272180115128320,"1"
975273126853562368,"1"
975273221888118784,"1"
9.75273893845e+17,"1"
975274417017073664,"0"
975275621117931520,"1"
975279867125051392,"1"
975280046654017536,"1"
975280624813658112,"0"
975281216755703808,"0"
975282484983164928,"1"
975283561438695424,"0"
975287985846366208,"0"
975288107921625088,"1"
975289397355663360,"0"
975290664035299328,"1"
975293661121478656,"1"
975294129474277376,"0"
975294832871698432,"1"
975298747289690112,"1"
975299374975631360,"1"
975300799659151360,"0"
975301918443626496,"1"
975303381488058368,"0"
975304864506023936,"1"
975304913369657344,"1"
975305573271941120,"1"
975308643393593344,"0"
975310239389179904,"1"
975311044636741632,"1"
975311546116079616,"1"
975312048774139904,"1"
975312973727195136,"1"
975313884687953920,"1"
975315163841794048,"1"
975315998482944000,"0"
975317076033376256,"0"
975318457821618176,"1"
975318529850462208,"1"
975320138244386816,"1"
975322009579216896,"1"
975323289387073536,"1"
975329737286459392,"0"
975329975296339968,"1"
975330928410222592,"1"
975331301317337088,"0"
975333638639415296,"1"
975334742206963712,"0"
975342052727775232,"1"
975343343126360064,"0"
975344184088514560,"0"
975344304188207104,"0"
975348665937051648,"1"
975349890783080448,"1"
975349999184859136,"1"
975349999855861760,"1"
975351440138006528,"0"
975354105597169664,"0"
975354148274229248,"0"
975356433805037568,"0"
975356601480699904,"0"
975357306853568512,"1"
975360174989946880,"0"
975360455635021824,"1"
975360756597362688,"1"
975361100979101696,"0"
975362032911421440,"0"
975362043665674240,"0"
975363530244460544,"1"
975363712029790208,"0"
975365036058095616,"0"
975365550388973568,"0"
975365638049947648,"0"
975365764747268096,"0"
975365831554105344,"1"
975365997526962176,"0"
975368949167738880,"0"
975369231486406656,"1"
975369341121236992,"0"
975369496604102656,"1"
975371761117253632,"0"
975374067686555648,"1"
975376297538007040,"1"
975377303189549056,"0"
975379937782894592,"0"
975380092946927616,"1"
975381472889643008,"1"
975381851803193344,"0"
975381995160330240,"0"
975382277269094400,"0"
975382358827421696,"0"
975382996495683584,"0"
975383001835147264,"1"
975383256047775744,"1"
975383380987711488,"1"
975383457592496128,"0"
975384062323019776,"0"
975385958441988096,"1"
975386395270402048,"0"
975388251639857152,"1"
975388447656501248,"1"
975388695783247872,"1"
975388867300855808,"1"
975391908058058752,"1"
975392055152316416,"0"
975392094314549248,"1"
975392538017353728,"1"
975392707119108096,"1"
975393035021320192,"0"
975395168315588608,"1"
975395263278960640,"0"
975396943538085888,"1"
975398145327816704,"1"
975399935565852672,"0"
975400176524447744,"0"
975400263484936192,"0"
975401362182852608,"1"
975401708540088320,"0"
975402037646151680,"1"
975402874279727104,"0"
975404136085716992,"0"
975406240380653568,"1"
975407637238960128,"0"
975408058573627392,"1"
975408310240366592,"1"
975408340791713792,"1"
975409297843683328,"1"
975409680376791040,"1"
975410469983916032,"0"
975411127600349184,"1"
975412800645365760,"1"
975413630224052224,"1"
975413939130552320,"0"
975414197071876096,"1"
975414479692484608,"0"
975415053758423040,"0"
975415867017256960,"1"
975415938232344576,"1"
975415995547430912,"0"
975416859871899648,"0"
975417339633127424,"1"
975417724166856704,"1"
975418316809437184,"1"
975421818046644224,"1"
975422150197772288,"0"
975422794006589440,"0"
975422914127216640,"1"
975423973860155392,"1"
975423988565504000,"1"
975424415054823424,"0"
975424448730927104,"1"
975424791799767040,"0"
975425364624277504,"1"
975425633063927808,"0"
975427141679513600,"1"
975427490595377152,"0"
975427616055418880,"0"
975428272212230144,"0"
975428754880122880,"0"
975428971755196416,"1"
975429074381299712,"0"
975429194472673280,"1"
975429261258608640,"0"
975430915949236224,"1"
975432891097378816,"0"
975433328101871616,"1"
975435658989854720,"1"
975435696038068224,"0"
975436083101126656,"0"
975436165057691648,"0"
975437275994710016,"1"
975437623039754240,"1"
975437702630912000,"1"
975438604687282176,"1"
975438931696242688,"0"
975439194343395328,"0"
975446582366699520,"1"
975450455332368384,"1"
975450607220912128,"0"
975450831527993344,"1"
975452350482657280,"1"
975453221383802880,"1"
975453480843431936,"0"
975453634765889536,"0"
975456087750205440,"0"
975458038420131840,"0"
975461161134063616,"1"
975461454274023424,"1"
975461728224935936,"1"
975461841974583296,"1"
975462522932420608,"0"
975463186198679552,"0"
975465831520911360,"1"
975466852389347328,"1"
975468749066252288,"0"
975470072977412096,"0"
975470528701042688,"1"
975470932373442560,"1"
975471363954798592,"1"
975471434993733632,"1"
975471902461452288,"1"
975472726348623872,"1"
975472780937441280,"1"
975473159477460992,"1"
975473834202673152,"1"
975476034622640128,"1"
975476095599415296,"0"
975476960045416448,"1"
975478375748784128,"1"
975480265416966144,"0"
975481027056553984,"0"
975481028394520576,"0"
975482791122042880,"0"
975484842468093952,"1"
975485647321477120,"1"
975486381676998656,"1"
975486826109652992,"0"
975487895447527424,"1"
975489775284056064,"0"
975490659493732352,"0"
975492053734952960,"0"
975495347182153728,"0"
975495438722850816,"1"
975499139252285440,"1"
975499706557255680,"0"
975503243244486656,"1"
975507854047268864,"0"
975509254055510016,"0"
975512124150697984,"1"
975512738519756800,"0"
975512976311676928,"1"
975513547533946880,"0"
975514486089142272,"1"
975514780588003328,"1"
975520262065041408,"1"
975520443196231680,"1"
975520556530352128,"0"
975520591754203136,"1"
975520802866114560,"0"
975523160090120192,"1"
975523740250460160,"1"
975526568847138816,"1"
975526623180181504,"1"
975526713147899904,"0"
975528654787809280,"1"
975528691991302144,"0"
975532165030084608,"0"
975532678354296832,"1"
975536316833202176,"1"
975537130976944128,"1"
975538062095802368,"0"
975539588620959744,"1"
975539594379890688,"0"
975540046508957696,"1"
975546400141398016,"1"
975547364516794368,"1"
975552405340393472,"0"
975554156164390912,"1"
975557078768009216,"0"
975561279816585216,"1"
975561397198376960,"1"
975561576274190336,"1"
975569147596742656,"0"
975574827460329472,"0"
975575762295246848,"0"
975579403169153024,"1"
975580500747325440,"1"
975581632718499840,"1"
975588210926485504,"0"
975594335679819776,"0"
975595115946233856,"1"
975599080582799360,"1"
975602893423128576,"1"
975610461755465728,"0"
975611485706625024,"0"
975613103374151680,"0"
975613109141295104,"0"
975618505797074944,"0"
975618521714499584,"0"
975618526114332672,"0"
975618526420414464,"0"
975618526978367488,"0"
975618527326437376,"0"
975618538177089536,"0"
975618543596191744,"0"
975618543742955520,"0"
975618548717338624,"0"
975618550583803904,"0"
975618550835507200,"0"
975618555503718400,"0"
975627177830985728,"0"
975627698532855808,"0"
975628603491868672,"1"
975636951201181696,"1"
975639200375619584,"1"
975649703751770112,"0"
975656470225145856,"1"
975664356741464064,"1"
975675158718328832,"1"
975683048955146240,"1"
975692144752160768,"0"
975701114795560960,"0"
975705878207782912,"0"
975707564473311232,"1"
975710957837090816,"0"
975717775615311872,"0"
975724519393513472,"0"
975728226516504576,"1"
975728329801306112,"0"
975732922673258496,"1"
975736125372489728,"0"
975739090380513280,"1"
975741283200393216,"1"
975743782791581696,"0"
975745237380296704,"0"
975746192238895104,"0"
975749193645068288,"1"
975755537915809792,"1"
975762356302118912,"1"
975764299166691328,"1"
975764490070343680,"1"
975767349704962048,"1"
975769342301429760,"1"
975774077091827712,"1"
975774855323967488,"1"
975782589490499584,"1"
975786484069527552,"0"
975787423761301504,"1"
975794878876614656,"0"
975795601593036800,"0"
975796830003920896,"1"
975796864296587264,"1"
975804943880908800,"1"
975815464805978112,"0"
975817889101041664,"0"
975819206842355712,"0"
975819598531584000,"1"
975823150150758400,"1"
975823639944859648,"0"
975824662985953280,"0"
975828721520189440,"0"
975832738900201472,"0"
975834047409786880,"0"
975834707735740416,"1"
975836066434478080,"1"
975836121828503552,"1"
975839590316638208,"1"
975851394493071360,"0"
975853724890488832,"1"
975868806890373120,"1"
975871615836803072,"0"
975875717559971840,"0"
975889045099372544,"0"
975900328682913792,"1"
975901877526253568,"1"
975905410497495040,"0"
975909746321408000,"1"
975909846456455168,"0"
975917524431921152,"1"
975917831379398656,"0"
975922179287199744,"1"
975923895311183872,"0"
975925935869489152,"0"
975933896301993984,"0"
975934316906659840,"0"
975955289722662912,"1"
975994270648856576,"1"
976025152042536960,"0"
976069183225188352,"1"
976085330339270656,"0"
976106416669908992,"1"
976118514070315008,"1"
976119589418491904,"0"
976119614039117824,"0"
976119622184394752,"0"
976120962830819328,"0"
976121077494673408,"0"
976121536938758144,"1"
976121711396511744,"1"
976121759215874048,"1"
976121938975207424,"0"
976122588211662848,"1"
976122743027654656,"1"
976123043276906496,"1"
976123283438481408,"0"
976123582169395200,"0"
976124045623201792,"1"
976124867043983360,"0"
976124870714040320,"1"
976125564749778944,"0"
976125589445849088,"0"
976125608609636352,"0"
976125627257556992,"0"
976125869281308672,"1"
976126233162297344,"1"
976126596712140800,"0"
976126650005016576,"0"
976126763473481728,"1"
976127642356404224,"1"
976127830596632576,"0"
976128945216245760,"1"
976129551419011072,"1"
976129629571358720,"0"
976130140034891776,"0"
976130354397429760,"1"
976130395719663616,"0"
976130984348397568,"1"
976131338024579072,"0"
976133870289604608,"0"
976134525054046208,"1"
976134608923308032,"0"
976134628057600000,"1"
976136085205143552,"0"
976136816087646208,"0"
976137026805223424,"0"
976137511801118720,"0"
976137511893458944,"0"
976137667493670912,"1"
976138141483589632,"1"
976140627447607296,"1"
976140641381093376,"0"
976140842489425920,"0"
976141339200024576,"0"
976141399430135808,"0"
976141860187070464,"0"
976141950561734656,"1"
976142356549222400,"0"
976142917038497792,"0"
976143293716279296,"1"
976143352583385088,"0"
976143887403139072,"1"
976145288456007680,"0"
976145399583920128,"1"
976145707974430720,"1"
976145827038203904,"1"
976147894599344128,"0"
976147905588420608,"0"
976148473790648320,"0"
976148879900061696,"0"
976148899655225344,"1"
976149087425892352,"1"
976149562174959616,"0"
976149789636149248,"0"
976150671434158080,"0"
976150697703084032,"0"
976151698363252736,"1"
976151739756896256,"0"
976151876063387648,"0"
976152025267351552,"0"
976152420035145728,"0"
976152469934870528,"0"
976152759647993856,"1"
976152956054642688,"0"
976152960060350464,"0"
976153084899536896,"0"
976153162498367488,"0"
976153210242166784,"0"
976153492820766720,"0"
976153500471234560,"0"
976153520993898496,"0"
976153609040809984,"0"
976153622357729280,"0"
976153624094093312,"1"
976153666909503488,"0"
976153706558361600,"0"
976153711855718400,"0"
976153833062592512,"0"
976153955532267520,"0"
976153980081500160,"0"
976153996967727104,"0"
976154004550975488,"0"
976154023115022336,"0"
976154176987123712,"0"
976154179780530176,"0"
976154180145434624,"0"
976154180401287168,"0"
976154180426522624,"0"
976154180510363648,"0"
976154180946616320,"0"
976154182158700544,"0"
976154182825656320,"0"
976154182917832704,"0"
976154183089848320,"0"
976154185908408320,"0"
976154194636767232,"0"
976154194884288512,"0"
976154197098811392,"0"
976154202077650944,"0"
976154208759177216,"0"
976154219919978496,"0"
976154223988457472,"0"
976154248147714048,"0"
976154425843732480,"0"
976154442281242624,"0"
976154490880446464,"0"
976154514947477504,"0"
976154572652728320,"0"
976154750608605184,"0"
976154851909492736,"0"
976154928854044672,"0"
976154930447761408,"0"
976154930628014080,"0"
976154930925858816,"0"
976154931081236480,"0"
976155085943263232,"0"
976155141085761536,"0"
976155142339866624,"0"
976155326495027200,"0"
976155587800117248,"0"
976155676861976576,"0"
976155746999119872,"1"
976155750463692800,"0"
976155786920460288,"0"
976155802451968000,"0"
976156148251406336,"0"
976156202286510080,"0"
976156428724420608,"1"
976156648363438080,"0"
976156721033949184,"1"
976156741707751424,"0"
976156743070879744,"1"
976156952458940416,"0"
976157277177729024,"0"
976157322039902208,"1"
976157476231008256,"0"
976157885691555840,"0"
976157945460379648,"1"
976158452698484736,"0"
976159082175451136,"0"
976159209522950144,"0"
976159294872805376,"0"
976159414817378304,"1"
976159464809213952,"1"
976161725316718592,"0"
976161775493271552,"0"
976162217052856320,"0"
976163117565710336,"0"
976163231713710080,"0"
976163231730470912,"0"
976163231919149056,"0"
976163358100545536,"0"
976163791850364928,"0"
976164120847355904,"0"
976165319017402368,"0"
976165727928573952,"1"
976166233073684480,"0"
976166530948968448,"0"
976167032038330368,"1"
976167935776579584,"0"
976169023661641728,"0"
976169259972907008,"0"
976169521181528064,"1"
976169568941912064,"1"
976169961948372992,"1"
976170258380701696,"0"
976170277007777792,"0"
976170771092594688,"0"
976170777820086272,"0"
976170946896723968,"1"
976171551077818368,"0"
976172029039796224,"0"
976172271445381120,"1"
976172793866932224,"0"
976173243932532736,"0"
976173278564966400,"0"
976173641778987008,"0"
976173796267667456,"0"
976173922180677632,"0"
976174157808394240,"1"
976174628518457344,"1"
976174714770087936,"1"
976175332310085632,"1"
976175465076490240,"0"
976175510324744192,"0"
976175978115461120,"0"
976175987049287680,"1"
976176155450642432,"0"
976176463211671552,"0"
976176572620210176,"0"
976176586142683136,"0"
976176980906389504,"0"
976177503185219584,"0"
976178202421989376,"1"
976178856951459840,"0"
976179378135629824,"0"
976179412109492224,"0"
976179458028662784,"0"
976180222138638336,"0"
976180333849739264,"0"
976180338954199040,"0"
976180524606566400,"0"
976181589104381952,"0"
976183030825082880,"0"
976183112286855168,"0"
976183119790465024,"0"
976183293539422208,"0"
976184229502611456,"0"
976184306581295104,"0"
976185096712503296,"0"
976185109647970304,"0"
976186180248027136,"1"
976186342303584256,"0"
976186686852878336,"0"
976186704284520448,"0"
976187015095115776,"0"
976188060240027648,"0"
976188388524126208,"0"
976189024565125120,"0"
976189688733229056,"0"
976190216959676416,"1"
976190412099653632,"0"
976190448153841664,"1"
976190516848222208,"0"
976190851557703680,"0"
976190902963261440,"1"
976191234124414976,"1"
976193346392739840,"0"
976193812719718400,"1"
976193907578097664,"0"
976195540273770496,"0"
976195993191493632,"0"
976196180379160576,"0"
976196488123559936,"0"
976196591718731776,"1"
976197234965524480,"1"
976198082474979328,"1"
976198124875247616,"0"
976199226823671808,"0"
976199387587272704,"0"
976200126413750272,"0"
976200505113432064,"1"
976201135018119168,"0"
976201617258221568,"0"
976201718169001984,"1"
976201727476105216,"1"
976201735017500672,"1"
976201760934170624,"0"
976202015738036224,"1"
976202928301182976,"0"
976202989219274752,"0"
976203913249501184,"0"
976204698192621568,"1"
976205061985570816,"1"
976205169737240576,"1"
976206710909042688,"0"
976207226636521472,"0"
976207593642307584,"0"
976207919053144064,"1"
976208867150442496,"1"
976209123590230016,"1"
976210553550065664,"1"
976211821081300992,"0"
976211930028257280,"0"
976213930975596544,"0"
976213946544869376,"0"
976214945468739584,"1"
976214993866665984,"1"
976215064620384256,"0"
976215525918322688,"0"
976215705686237184,"0"
976216963994152960,"0"
976217109968687104,"0"
976217424436408320,"0"
976217948871278592,"0"
976219230482944000,"0"
976221235305574400,"0"
976223880850366464,"0"
976223920092217344,"0"
976224112791244800,"0"
976224581362036736,"0"
976225577890926592,"0"
976225703057379328,"0"
976226624952766464,"0"
976226794889084928,"0"
976226903681093632,"0"
976226904004071424,"0"
976227008425406464,"1"
976227560475435008,"1"
976227896590258176,"0"
976228680572817408,"0"
976228693449367552,"1"
976229540581306368,"0"
976229550198751232,"1"
976229604565442560,"1"
976230545632972800,"0"
976231124052488192,"1"
976231203706691584,"0"
976231625649467392,"0"
976231917489147904,"1"
976232362098020352,"0"
976233158206246912,"1"
976233441950945280,"0"
976233590588616704,"1"
976236133691613184,"0"
976236930240274432,"0"
976236943540477952,"1"
976237139561152512,"1"
976238047720124416,"0"
976238723275816960,"1"
976239925535293440,"1"
976241560634486784,"1"
976242759504941056,"1"
976243529952481280,"0"
976244513550356480,"0"
976245179735658496,"0"
976245989299441664,"0"
976246673172201472,"1"
976246787093749760,"1"
976246879997501440,"0"
976247041889374208,"0"
976247417380200448,"1"
976247457662283776,"0"
976247654110855168,"1"
976249202736029696,"0"
976249560900259840,"1"
976249787573030912,"1"
976249888655708160,"1"
976250395638059008,"1"
976250533513019392,"0"
976251306158559232,"0"
976251536849494016,"0"
976252820310683648,"0"
976253616582529024,"0"
976253731699388416,"0"
976254482626547712,"0"
976258398156070912,"0"
976258994691039232,"0"
976259707064258560,"1"
976259896206389248,"0"
976260249702182912,"0"
976260926499360768,"1"
976260945226985472,"0"
976261614965051392,"0"
976261795991011328,"1"
976261864014348288,"0"
976263184322527232,"0"
976263688666730496,"1"
976263961149505536,"1"
976263983870169088,"0"
976264814367457280,"1"
976265908044861440,"0"
976265968509997056,"1"
976267696940740608,"0"
976268367874183168,"1"
976268461038100480,"1"
976268778085462016,"0"
976271375362117632,"1"
976272113052110848,"0"
976273325625397248,"1"
976273859707056128,"1"
976274337052291072,"0"
976274962062434304,"0"
976275034854580224,"1"
976275960285859840,"1"
976277451797020672,"0"
976277998516060160,"0"
976278233158053888,"1"
976278944830795776,"0"
976280118296428544,"1"
976282208607420416,"1"
976282700926607360,"0"
976283144843419648,"1"
976283165445701632,"0"
976284085566849024,"1"
976284527956934656,"1"
976284623998091264,"1"
976284758232645632,"0"
976284919159652352,"0"
976286529239724032,"0"
976286562634809344,"0"
976286587460845568,"0"
976288480727744512,"1"
976288549732413440,"1"
976288790867333120,"1"
976289304275070976,"1"
976290452096786432,"0"
976291427150741504,"0"
976292374023294976,"0"
976293138187796480,"0"
976294120820895744,"0"
976295107585441792,"0"
976295552873775104,"1"
976295813734219776,"0"
976296840013406208,"0"
976297150425387008,"0"
976298464437915648,"0"
976298644411330560,"1"
976299699459076096,"0"
976299848310800384,"1"
976299867453583360,"1"
976302581403103232,"0"
976305059574116352,"0"
976306576720998400,"0"
976308092143992832,"1"
976308584207142912,"0"
976308593338105856,"0"
976309148169244672,"0"
976309689209311232,"0"
976309690194776064,"1"
976309693105647616,"1"
976309693206298624,"1"
976310087437504512,"0"
976314227852959744,"1"
976319397622157312,"0"
976320811903500288,"0"
976320957483712512,"1"
976322477021331456,"0"
976322478061604864,"0"
976326355544625152,"0"
976327746472300544,"0"
976336209046917120,"0"
976336320044781568,"0"
976339044375375872,"1"
976340111045677056,"1"
976342018900348928,"0"
976344200886153216,"0"
976352135817433088,"0"
976353267700641792,"0"
976353986155569152,"1"
976354537937055744,"1"
976355014766743552,"0"
976355287966732288,"0"
976356666336825344,"0"
976356914282901504,"1"
976359524562030592,"1"
976359759485001728,"1"
976360243809710080,"1"
976360263028035584,"1"
976368085287436288,"0"
976372798913417216,"0"
976372808484884480,"1"
976373124844478464,"1"
976373909544230912,"1"
976374904042983424,"1"
976377541828268032,"0"
976382329252802560,"0"
976382614989832192,"0"
976385902527373312,"0"
976388929040642048,"0"
976389586992685056,"0"
976390444983767040,"1"
976390461001789440,"1"
976393692306198528,"0"
976394045076451328,"0"
976395203870384128,"0"
976397379288096768,"0"
976404514864619520,"0"
976404757161144320,"0"
976411405338456064,"1"
976412182333329408,"1"
976413205298892800,"0"
976420661131382784,"1"
976420684346904576,"0"
976421919145766912,"0"
976422364178276352,"0"
976423317207961600,"0"
976424685125754880,"1"
976428972421521408,"1"
976431074845716480,"0"
976433610575228928,"0"
976434608282787840,"0"
976434830794686464,"0"
976436033381388288,"0"
976437581708775424,"0"
976437658518880256,"1"
976437941320015872,"0"
976438887265570816,"1"
976439232335089664,"1"
976439378313662464,"0"
976441559695675392,"1"
976443401594916864,"0"
976443988419936256,"0"
976444140262248448,"0"
976445100946575360,"1"
976450143548567552,"0"
976450426714419200,"1"
976450642293284864,"0"
976451213863473152,"0"
976451295442866176,"0"
976452400771977216,"1"
976452628342337536,"1"
976453366690836480,"1"
976453751358795776,"0"
976454578072965120,"0"
976455177573150720,"0"
976457072563892224,"0"
976457195461201920,"1"
976457713180954624,"0"
976458437314863104,"0"
976459804737761280,"1"
976460583062077440,"0"
976465056476131328,"0"
976466094184517632,"0"
976466967258451968,"1"
976468788278329344,"0"
976471327577202688,"0"
976471398020534272,"0"
976471604346703872,"1"
976471660806066176,"1"
976472392888410112,"1"
976473036781162496,"0"
976473201294397440,"0"
976474102394511360,"0"
976474411250302976,"0"
976476059855187968,"0"
976476745774850048,"0"
976477111623012352,"0"
976477282897457152,"1"
976481156253274112,"0"
976482935346929664,"0"
976483507802460160,"0"
976485516030853120,"0"
976485996337381376,"0"
976487322060550144,"1"
976487556840902656,"0"
976487971745599488,"1"
976488071742017536,"0"
976488108928765952,"0"
976488148732710912,"0"
976488970426179584,"0"
976489092128100352,"0"
976489098570383360,"0"
976490580636250112,"0"
976491157814329344,"1"
976491709876981760,"0"
976493038951378944,"0"
976493279423467520,"0"
976493372666982400,"0"
976494177793069056,"0"
976494423579283456,"0"
976495387749113856,"0"
976496911099355136,"1"
976498907545927680,"0"
976499697018986496,"1"
976500562148581376,"0"
976500562798743552,"0"
976501828622995456,"1"
976503052495671296,"0"
976503975343161344,"0"
976504162144854016,"0"
976505466405744640,"0"
976507100544188416,"1"
976507524173193216,"0"
976507547107708928,"0"
976507609384501248,"0"
976508001778651136,"0"
976509087121903616,"1"
976510510999986176,"0"
976510517547171840,"1"
976512010744619008,"1"
976512144098320384,"1"
976513185439154176,"0"
976515105847463936,"0"
976515603107385344,"0"
976515747588530176,"1"
976516399681093632,"0"
976518851226726400,"0"
976519756403572736,"0"
976520029775769600,"0"
976520779817988096,"1"
976521861952454656,"0"
976524350764433408,"0"
976525150941335552,"0"
976526779002314752,"0"
976527816106938368,"0"
976528261638434816,"0"
976529921320271872,"0"
976532814500950016,"0"
976532841935851520,"0"
976533288696369152,"0"
976533972011356160,"1"
976534083630239744,"0"
976534792576667648,"0"
976535283545014272,"0"
976536394393948160,"1"
976536956581629952,"0"
976537442114252800,"0"
976539459528331264,"0"
976540011972759552,"0"
976540176452390912,"1"
976540195985096704,"0"
976541599604801536,"0"
976543080496222208,"1"
976544396119281664,"0"
976544527631749120,"0"
976544975885426688,"0"
976546049325191168,"0"
976547100610715648,"1"
976547590010318848,"0"
976548263968104448,"0"
976549240091631616,"1"
976549353107079168,"1"
976549449823608832,"1"
976549725485830144,"1"
976551058188263424,"0"
976552059569926144,"0"
976552091635339264,"1"
976553046296748032,"0"
976556302297108480,"0"
976557480976068608,"1"
976558331522363392,"1"
976558528654663680,"1"
976559137000710144,"0"
976560495598751744,"0"
976561545948753920,"0"
976562022962946048,"0"
976562101459324928,"0"
976562622555414528,"0"
976563071476011008,"1"
976564763453947904,"0"
976564884753104896,"0"
976565889083625472,"1"
976565889628860416,"1"
976565889838518272,"1"
976566505101058048,"0"
976567316136845312,"1"
976567431333404672,"0"
976567900474572800,"0"
976567900676022272,"0"
976567907760197632,"0"
976567911270768640,"0"
976567917310595072,"0"
976567918635945984,"0"
976567926131253248,"0"
976567932338819072,"0"
976567938303102976,"0"
976567939158761472,"0"
976567939565588480,"0"
976567942308614144,"0"
976567946221899776,"0"
976567949543837696,"0"
976567951733137408,"0"
976567953687810048,"0"
976567954811904000,"0"
976567955990474752,"0"
976567958855176192,"0"
976567958871990272,"0"
976567960176353280,"0"
976567961849876480,"0"
976567966451027968,"0"
976567970469171200,"0"
976567973396779008,"0"
976567978543276032,"0"
976567979176546304,"0"
976567979830890496,"0"
976567981441511424,"0"
976567985858072576,"0"
976567987376402432,"0"
976567993483358208,"0"
976567999791616000,"0"
976568000223596544,"0"
976568002022920192,"0"
976568004489220096,"0"
976568006544429056,"0"
976568009241321472,"0"
976568018108125184,"0"
976568023908864000,"0"
976568029088768000,"0"
976568033136259072,"0"
976568036437168128,"0"
976568037586489344,"0"
976568038869946368,"0"
976568039192846336,"0"
976568042682486784,"0"
976568042938404864,"0"
976568043945029632,"0"
976568045543018496,"0"
976568052664893440,"0"
976568056053891072,"0"
976568059094814720,"0"
976568064283234304,"0"
976568684490706944,"1"
976568691457368064,"1"
976569464316743680,"1"
976570167516950528,"0"
976570171790888960,"0"
976570172487151616,"0"
976571235613241344,"1"
976571541369606144,"0"
976571677592248320,"0"
976572622732439552,"0"
976573723678560256,"0"
976574162998317056,"0"
976574699860881408,"1"
976575100085587968,"0"
976575959544614912,"0"
976576925547335680,"0"
976579004059803648,"0"
976580456379486208,"0"
976581668810231808,"0"
976582243111104512,"0"
976582248660176896,"0"
976582249410957312,"0"
976583006868697088,"0"
976583012170326016,"0"
976583014980489216,"0"
976583016834355200,"0"
976583035503218688,"0"
976583045615583232,"0"
976583049939996672,"0"
976583053245140992,"0"
976583054432067584,"0"
976583056185286656,"0"
976583059112906752,"0"
976583061189136384,"0"
976583062111899648,"0"
976583063764393984,"0"
976583081460228096,"0"
976583083016278016,"0"
976583446263984128,"0"
976584463412064256,"1"
976585042779615232,"0"
976587347927142400,"1"
976587776731897856,"0"
976592192537092096,"0"
976593375771222016,"1"
976593817183969280,"0"
976594412187811840,"0"
976596600897310720,"1"
976597341355552768,"0"
976597345105215488,"0"
976597347617603584,"0"
976597353862979584,"0"
976597367989432320,"0"
976597369088331776,"0"
976597370325659648,"0"
976597370728312832,"0"
976597691202490368,"1"
976598334059241472,"0"
976601301932011520,"0"
976602098224771072,"0"
976602690733166592,"1"
976603079368957952,"1"
976604240167800832,"0"
976605294913556480,"0"
976605682161070080,"1"
976605761848659968,"0"
976606297327063040,"0"
976608598322229248,"0"
976608828103057408,"0"
976610128383430656,"0"
976611767924215808,"0"
976614276524888064,"0"
976615946495422464,"0"
976617244607303680,"0"
976619431685214208,"0"
976619790906413056,"0"
976621233369419776,"1"
976622752730791936,"0"
976624030064156672,"0"
976624516884439040,"1"
976624703443030016,"0"
976624762351861760,"1"
976625014840598528,"1"
976625266532298752,"1"
976625532845477888,"1"
976625913285828608,"1"
976626515709341696,"1"
976627063124832256,"0"
976630691269095424,"0"
976634304410382336,"0"
976634860524711936,"0"
976635359340716032,"0"
976635654267392000,"1"
976639466478686208,"1"
976639775556947968,"1"
976640831049338880,"0"
976641097488252928,"1"
976641103653949440,"0"
976641299435663360,"0"
976642251936993280,"1"
976643711428907008,"0"
976644295976505344,"1"
976644550608474112,"0"
976644709249703936,"0"
976644736097357824,"0"
976644929991725056,"0"
976644946752163840,"0"
976644974602317824,"0"
976644981833240576,"0"
976644982206599168,"0"
976644999633915904,"0"
976645002687336448,"0"
976645165816385536,"0"
976645179762409472,"0"
976645183315042304,"0"
976645256727941120,"0"
976645443399581696,"0"
976645453184946176,"0"
976645462127251456,"0"
976645468410269696,"0"
976645472495468544,"0"
976645485879578624,"0"
976645709209497600,"0"
976645763487891456,"0"
976645924310134784,"0"
976647985873514496,"1"
976648432231337984,"1"
976649845065822208,"1"
976650951670009856,"0"
976652832500789248,"1"
976655711160561664,"1"
976656332127383552,"0"
976657013735178240,"1"
976657085206351872,"0"
976658070284611584,"0"
976658097665138688,"1"
976662609729536000,"0"
976663475878531072,"0"
976667080983330816,"1"
976667484173447168,"1"
976668687808819200,"0"
976670155668410368,"0"
976672206192193536,"1"
976675038136098816,"1"
976677395418767360,"1"
976678609346756608,"1"
976680347105505280,"0"
976680988284735488,"1"
976685627965165568,"1"
976685765643161600,"0"
976688358884761600,"1"
976690331960971264,"0"
976692790775054336,"0"
976704428047609856,"1"
976706851357196288,"0"
976706942776303616,"0"
976707532059267072,"1"
976711349295304704,"0"
976715179961540608,"1"
976716170085715968,"1"
976718554144952320,"1"
976723582360440832,"0"
976738543832838144,"0"
976740032449884160,"1"
976743372651196416,"0"
976747591667986432,"1"
976750454943178752,"0"
976751471281651712,"1"
976757841745907712,"0"
976775557588443136,"1"
976780054922432512,"1"
976781602008297472,"0"
976783049542242304,"1"
976783941343563776,"0"
976784564445241344,"0"
976785572604907520,"1"
976790846682132480,"0"
976790969805889536,"0"
976792704125415424,"1"
976794734877319168,"1"
976797389532082176,"1"
976805788470702080,"1"
976806393469693952,"0"
976808774697672704,"0"
976809208158007296,"1"
976809254052122624,"1"
976812086977290240,"0"
976813245280370688,"1"
976816535908925440,"0"
976817645109563392,"1"
976819612561092608,"1"
976820044830187520,"1"
976827944474759168,"0"
976829162106343424,"0"
976831451697164288,"1"
976831527320506368,"1"
976832595773284352,"1"
976832881401057280,"0"
976832969452216320,"0"
976838861149130752,"1"
976838864672382976,"1"
976838865146335232,"1"
976839060835717120,"1"
976839381263806464,"0"
976840361405501440,"0"
976840772560588800,"1"
976841567762812928,"1"
976845478628294656,"1"
976846956315267072,"1"
976849006331662336,"1"
976850694547410944,"0"
976850729855053824,"0"
976850752378474496,"0"
976851879618543616,"1"
976852141347393536,"0"
976852887983804416,"1"
976854494561660928,"0"
976855241269399552,"1"
976855360140128256,"1"
976855715527749632,"1"
976857188638523392,"1"
976861688568872960,"1"
976863120365948928,"0"
976866726099988480,"1"
976867128153341952,"0"
976867987184594944,"1"
976868233822310400,"0"
976868517621456896,"1"
976869112696754176,"0"
976870012798545920,"1"
976870438856003584,"1"
976873478795223040,"1"
976874878338035712,"1"
976876813073993728,"1"
976876942199795712,"1"
976878387359834112,"1"
976878957101551616,"1"
976879705466048512,"0"
976880861080670208,"0"
976881837468475392,"1"
976882260329758720,"1"
976882570905423872,"1"
976882790267580416,"0"
976884546976272384,"0"
976884653473849344,"0"
976885442330099712,"1"
976885565881806848,"1"
976887990495608832,"1"
976889454613934080,"1"
976890392552624128,"1"
976890701618216960,"0"
976894584017080320,"1"
976895082677833728,"1"
976895119973482496,"0"
976896920533782528,"0"
976897203485716480,"1"
976897411921702912,"1"
976897854601080832,"1"
976898281434382336,"1"
976898872994861056,"0"
976900707855970304,"0"
976903861591007232,"1"
976905040102174720,"1"
976905297817092096,"0"
976905340556996608,"1"
976906058148077568,"0"
976906426378485760,"1"
976906481743351808,"1"
976907334592155648,"0"
976908840041054208,"1"
976911613386215424,"1"
976911775579783168,"1"
976913112723988480,"0"
976913415607332864,"0"
976913422565732352,"0"
976913951475879936,"1"
976914752591994880,"0"
976915438771888128,"0"
976916169956384768,"1"
976917019164594176,"0"
976917537429557248,"1"
976918574764732416,"0"
976919628524945408,"0"
976920068440428544,"0"
976921111895175168,"0"
976921143201402880,"0"
976923295839858688,"1"
976924622653476864,"0"
976925680310145024,"1"
976926381375291392,"1"
976926565769596928,"1"
976927185729503232,"1"
976931706337837056,"1"
976932753190084608,"0"
976933952156942336,"0"
976937428958285824,"0"
976939113520746496,"1"
976939771560976384,"0"
976940548408905728,"0"
976942840134631424,"0"
976944238633111552,"1"
976944352118353920,"1"
976944774300057600,"1"
976947332435599360,"0"
976947372516413440,"0"
976950729985396736,"0"
976951137491398656,"0"
976953511912067072,"0"
976954577890283520,"0"
976954888763658240,"1"
976955318340112384,"0"
976956083871694848,"0"
976959072493694976,"1"
976960088744214528,"1"
976960284568051712,"1"
976962069303123968,"1"
976964274286448640,"1"
976965133518831616,"1"
976965440852414464,"0"
976965929174294528,"0"
976966297572532224,"0"
976966813614424064,"1"
976968054910455808,"0"
976968562601422848,"1"
976969241667690496,"1"
976970639239188480,"1"
976970745145372672,"1"
976971895194210304,"1"
976972448594882560,"0"
976974344189566976,"1"
976974923007541248,"1"
976975612148703232,"1"
976976127054016512,"1"
976976377676288000,"0"
976976394684071936,"1"
976977197109039104,"1"
976978508714037248,"0"
976986539791147008,"0"
976986924383592448,"1"
976988539807260672,"1"
976989883955892224,"1"
976992772488970240,"1"
976996974380511232,"1"
976996976075055104,"1"
976997410181472256,"1"
976998611849490432,"1"
977001404848984064,"1"
977001927358730240,"1"
977002702487085056,"1"
977004772715765760,"1"
977005146415628288,"1"
977005185821102080,"0"
977005188996243456,"0"
977005190392946688,"0"
977005191739228160,"0"
977005194314526720,"0"
977005201960747008,"0"
977005204431187968,"0"
977005768602988544,"0"
977006480825208832,"1"
977009597675331584,"0"
977010981032415232,"1"
977011251648892928,"0"
977011604771389440,"0"
977012529107959808,"0"
977013364068040704,"1"
977016468234817536,"1"
977019227465973760,"1"
977020336637177856,"0"
977021961506205696,"1"
977023022824476672,"1"
977024925771882496,"1"
977030795884974080,"0"
977032410725535744,"0"
977041705663909888,"1"
977042880257822720,"0"
977045286622199808,"0"
977046368798814208,"0"
977051685234225152,"1"
977055121258532864,"0"
977055132562214912,"0"
977055288061841408,"0"
977055624377917440,"0"
977056154072199168,"1"
977057365286465536,"1"
977057398069387264,"0"
977058923663380480,"1"
977060729961566208,"0"
977067217907941376,"1"
977072439829053440,"0"
977077814183669760,"1"
977078761454751744,"1"
977079968432828416,"1"
977083061052452864,"1"
977085538246254592,"1"
977091169606950912,"0"
977091830381608960,"1"
977094370490011648,"0"
977099146782912512,"1"
977102466532585472,"1"
977102556882087936,"1"
977102843478855680,"0"
977109388661010432,"1"
977110974019915776,"1"
977112945720217600,"0"
977115123772022784,"0"
977116335724351488,"0"
977117653084135424,"1"
977119850228170752,"0"
977123145156038656,"0"
977125512584794112,"0"
977125650149531648,"1"
977126106422743040,"0"
977126320185462784,"1"
977126741654286336,"0"
977128139502641152,"1"
977128923292160000,"0"
977129564206968832,"0"
977130001798754304,"1"
977130778172776448,"0"
977131742082617344,"0"
977132045813059584,"0"
977133355949989888,"1"
977134249466875904,"0"
977137605136539648,"0"
977140454658596864,"0"
977141643777323008,"0"
977144432607850496,"1"
977144998331379712,"1"
977145470215651328,"1"
977147352103424000,"1"
977148245855043584,"0"
977151105669804032,"0"
977152262714871808,"1"
977153204839305216,"0"
977153504119844864,"0"
977155260299984896,"1"
977157434493095936,"0"
977159287318466560,"1"
977159289839202304,"0"
977161601328574464,"0"
977164307430559744,"1"
977165058756239360,"0"
977165259810201600,"0"
977165407772659712,"0"
977166098356363264,"0"
977166506864857088,"0"
977167614970683392,"0"
977170555848810496,"1"
977175673243566080,"1"
977176681629831168,"0"
977179413451173888,"1"
977179653160034304,"0"
977181284727447552,"1"
977182195474423808,"1"
977182550157381632,"1"
977182649650434048,"1"
977182759230885888,"0"
977182819934928896,"1"
977183148940447744,"1"
977183377995583488,"1"
977183382592479232,"0"
977183722469511168,"1"
977184324670935040,"1"
977185194489864192,"1"
977185278535155712,"1"
977185783504351232,"0"
977186183875739648,"1"
977186353694892032,"0"
977187121017577472,"1"
977187227435503616,"0"
977188860970053632,"0"
977190366700097536,"1"
977191386964410368,"1"
977192326295531520,"0"
977194550446850048,"1"
977195112999485440,"1"
977196175152607232,"1"
977198507135205376,"1"
977199878492233728,"1"
977199882128650240,"1"
977201681778839552,"1"
977201850721226752,"0"
977203845477687296,"0"
977204904052842496,"1"
977206245508628480,"1"
977211058216579072,"1"
977212631009431552,"0"
977213436370223104,"1"
977213932984135680,"0"
977214745135677440,"0"
977214959330340864,"1"
977214961448464384,"1"
977215674077589504,"1"
977215963266502656,"1"
977216417870200832,"0"
977216783185793024,"1"
977216796418813952,"1"
977217240578887680,"1"
977220805611331584,"1"
977220894685741056,"1"
977220940563021824,"1"
977220949018779648,"1"
977221503434489856,"1"
977221716136120320,"1"
977221886374547456,"0"
977221950610145280,"1"
977222203749126144,"0"
977222736916500480,"1"
977222900938936320,"0"
977223358537437184,"0"
977224718494388224,"0"
977228344059101184,"0"
977228561940733952,"0"
977229584428142592,"1"
977231240909737984,"1"
977234370749583360,"1"
977236450054983680,"0"
977237328887468032,"1"
977237979176624128,"0"
977240193005735936,"1"
977244107696459776,"1"
977244904035438592,"1"
977246874313818112,"1"
977247178614751232,"0"
977247935799885824,"0"
977248112807956480,"0"
977249772737310720,"1"
977250131962683392,"0"
977251138369146880,"0"
977253646244118528,"1"
977255238624215040,"1"
977255268718231552,"1"
977258705757487104,"0"
977259624503087104,"1"
977260004632944640,"1"
977260260430897152,"1"
977260826200592384,"1"
977264199607947264,"0"
977264978905444352,"1"
977269003822424064,"0"
977269147951284224,"0"
977269267564519424,"1"
977270252299083776,"0"
977270672614453248,"1"
977271158369341440,"1"
977271994382155776,"0"
977272151148580864,"0"
977273478108852224,"1"
977273629833560064,"1"
977275361988837376,"0"
977275539030495232,"1"
977281784487460864,"1"
977284413250818048,"0"
977286190981300224,"0"
977286888603181056,"0"
977286908685545472,"0"
977287413994319872,"1"
977290875716947968,"1"
977291243745980416,"1"
977293345411256320,"0"
977293856092950528,"1"
977294755062312960,"1"
977296299694444544,"0"
977300685233549312,"1"
977301362852626432,"0"
977302570556276736,"1"
977304382583619584,"1"
977304525928321024,"1"
977304616747413504,"1"
977304881454346240,"1"
977306208494391296,"0"
977306537403273216,"1"
977308983726886912,"0"
977309216196067328,"0"
977309371699904512,"1"
977311651530772480,"0"
977311713132498944,"1"
977312079395909632,"1"
977312716179288064,"0"
977314056070574080,"1"
977314530215714816,"0"
977315322565922816,"1"
977315324172341248,"1"
977318161757425664,"0"
977319508590252032,"1"
977319514894290944,"1"
977319661372133376,"1"
977320373002715136,"0"
977322464836509696,"1"
977326464197521408,"1"
977329987358306304,"0"
977335721856942080,"0"
977335888723116032,"1"
977337338522042368,"0"
977340006598549504,"1"
977340518282637312,"1"
977341729891287040,"0"
977342131424477184,"0"
977344103737319424,"1"
977344938542211072,"1"
977345326364307456,"0"
977346574270439424,"0"
977347505213132800,"1"
977354341530050560,"1"
977358004818333696,"0"
977358060640505856,"0"
977359402062745600,"1"
977359635576508416,"0"
977362823645941760,"0"
977365351896961024,"1"
977365486789906432,"1"
977370478326239232,"1"
977371233426771968,"0"
977376203328966656,"1"
977376350276411392,"0"
977382862956544000,"1"
977387987171532800,"0"
977403022891503616,"1"
977405336553435136,"0"
977414483181228032,"1"
977419203635331072,"1"
977420011449888768,"0"
977426547002036224,"1"
977444274626326528,"0"
977447260085682176,"0"
977447443745902592,"0"
977448569874546688,"1"
977456249737498624,"1"
977456429203378176,"1"
977458735047208960,"0"
977461477652054016,"1"
977464439640387584,"0"
977471531063431168,"1"
977473877856092160,"0"
977473895497437184,"0"
977476873163825152,"1"
977477037626658816,"0"
977481422738018304,"1"
977489997220777984,"1"
977490548931088384,"0"
977491295609507840,"1"
977491973979430912,"1"
977492833396551680,"0"
977495260699025408,"0"
977495261948858368,"0"
977504088903438336,"1"
977507073645858816,"1"
977507824975667200,"1"
977517763982970880,"0"
977518881702055936,"0"
977521737293234176,"1"
977521761796460544,"1"
977523003209801728,"1"
977526827295047680,"0"
977528284471754752,"1"
977531358229794816,"1"
977533008310874112,"1"
977533057333907456,"1"
977535492680896512,"0"
977536108690059264,"1"
977539877708484608,"1"
977541866001518592,"0"
977544439479590912,"1"
977549102983491584,"1"
977550132483825664,"1"
977553633469501440,"1"
977556608371838976,"1"
977556614243897344,"0"
977557040150151168,"1"
977561951789338624,"1"
977564481210339328,"0"
977565612300959744,"0"
977568229060046848,"1"
977570150399561728,"1"
977572619053600768,"0"
977575183161716736,"1"
977575842330087424,"0"
977575891818762240,"0"
977575936412602368,"0"
977576699910148096,"1"
977578932512968704,"1"
977586886750416896,"0"
977590132399276032,"0"
977591349779329024,"1"
977592051406594048,"0"
977592516013895680,"1"
977599020121182208,"1"
977603082128379904,"0"
977603944829652992,"0"
977604883334467584,"1"
977605496705376256,"1"
977606353043812352,"1"
977609788686262272,"1"
977609826825068544,"1"
977616120105619456,"1"
977617975556689920,"0"
977618058423320576,"1"
977618060323573760,"1"
977622372223209472,"1"
977624695993376768,"0"
977624919801585664,"1"
977628629503967232,"0"
977629174578974720,"0"
977629814193614848,"1"
977630617486716928,"0"
977631839744659456,"1"
977631860644810752,"0"
977632027221508096,"1"
977635777680105472,"0"
977635989207289856,"1"
977638628640870400,"1"
977645041572179968,"1"
977648218434691072,"1"
977648472944988160,"0"
977651215935901696,"0"
977653659193544704,"1"
977657546868711424,"0"
977661476570836992,"1"
977667435359866880,"0"
977667683780120576,"1"
977667768530055168,"1"
977668912232960000,"1"
977669890763927552,"1"
977672676708843520,"0"
977676384247140352,"1"
977681088612130816,"0"
977681572060016640,"1"
977682995887919104,"1"
977684633113497600,"1"
977690780633481216,"0"
977690858693775360,"0"
977690930290372608,"0"
977690971096911872,"1"
977693943709208576,"0"
977695008814968832,"1"
977698877880053760,"0"
977700865975795712,"1"
977702379389947904,"0"
977705720010350592,"1"
977706346391986176,"0"
977707343726211072,"1"
977709238255607808,"1"
977713435982090240,"1"
977713680061263872,"0"
977713913063145472,"1"
977714613251952640,"1"
977725520933728256,"0"
977725590693392384,"0"
977731317042499584,"1"
977735702153609216,"0"
977738861961990144,"1"
977739315710062592,"0"
977741178950094848,"0"
977747188011773952,"1"
977748499235094528,"1"
977749740485009408,"1"
977750124255465472,"0"
977750238915002368,"1"
977756867609944064,"1"
977758373331443712,"0"
977760763929645056,"0"
977764208115728384,"0"
977764641886621696,"1"
977765777481850880,"1"
977769196888010752,"0"
977770316545093632,"1"
977777592735543296,"0"
977789491141373952,"0"
977791324245057536,"0"
977796399684300800,"1"
977800945076666368,"0"
977803347909660672,"1"
977803538989543424,"1"
977804617043070976,"1"
977809137538158592,"0"
977809554066026496,"0"
977836506994880512,"0"
977838860909518848,"1"
977839259846619136,"1"
977840069687087104,"1"
977849520284315648,"1"
977863923977383936,"0"
977870211994083328,"1"
977889913613029376,"0"
977891006321430528,"1"
977893354418655232,"0"
977897327989002240,"0"
977900581430943744,"0"
977910569247412224,"1"
977921784396660736,"1"
977923078738112512,"0"
977924491006406656,"1"
977932689301938176,"1"
977934697861918720,"1"
977937171893104640,"0"
977937994064809984,"0"
977938025639563264,"0"
977938072531881984,"0"
977940531824222208,"0"
977943155684397056,"0"
977945992845844480,"0"
977947578041032704,"1"
977950006459162624,"0"
977950593317732352,"0"
977953310794813440,"1"
977954217766866944,"0"
977962220276600832,"1"
977964383111401472,"1"
977974042136383488,"1"
977975544812883968,"0"
977978099714482176,"1"
977979587559911424,"0"
977983473527947264,"0"
977992183545348096,"0"
977993888286699520,"0"
977996765516345344,"1"
977998905894932480,"1"
978002636229181440,"1"
978010705319280640,"1"
978010750579912704,"0"
978013706369077248,"0"
978013750862274560,"1"
978013878737973248,"1"
978014912675971072,"1"
978016801715081216,"0"
978018892772757504,"1"
978020474604179456,"1"
978024761501499392,"0"
978029236572352512,"1"
978030305553670144,"1"
978034704774549504,"1"
978036836873379840,"1"
978038677220790272,"1"
978039178154991616,"0"
978042145058840576,"1"
978045960487145472,"1"
978048541833736192,"0"
978048544207667200,"1"
978052406314524672,"0"
978059038683484160,"0"
978064013790732288,"0"
978069575282581504,"1"
978081296349048832,"0"
978083051954679808,"0"
978085959362318336,"1"
978090649089183744,"0"
978092366979530752,"0"
978101351526825984,"0"
978103277811372032,"1"
978111485711978496,"0"
978112684150358016,"0"
978142153246433280,"1"
978149771574693888,"1"
978151591453888512,"0"
978157091914436608,"1"
978157108611960832,"1"
978161190881972224,"0"
978166502087168000,"1"
978172182592393216,"1"
978172199273140224,"1"
978179639926513664,"0"
978180725429055488,"1"
978186413257535488,"1"
978188190061219840,"1"
978195274555428864,"0"
978197722984480768,"0"
978204938198245376,"0"
978204938349301760,"0"
978223779473215488,"1"
978232598358118400,"1"
978239417780338688,"1"
978242702763425792,"1"
978245086268997632,"0"
978255667206246400,"1"
978256459833266176,"1"
978257246944555008,"1"
978258609158217728,"1"
978263835143561216,"1"
978265171155185664,"0"
978271837053378560,"0"
978272718666649600,"1"
978278915885088768,"1"
978283916175007744,"0"
978284673557303296,"0"
978292200739098624,"1"
978294147508453376,"1"
978301577537531904,"0"
978301916596920320,"1"
978313595028197376,"1"
978315080071868416,"0"
978315413628039168,"1"
978315830441201664,"0"
978320519220154368,"1"
978321436669562880,"0"
978322922635976704,"0"
978326206796967936,"0"
978326463312289792,"1"
978328768652759040,"1"
978330829356195840,"0"
978330883605352448,"1"
978341254621622272,"0"
978345764178006016,"1"
978345994910920704,"1"
978346069129121792,"0"
978346082391425024,"0"
978348038937894912,"1"
978350190968090624,"1"
978351610211512320,"0"
978371545751080960,"1"
978374007069306880,"1"
978376512352215040,"1"
978376776354328576,"1"
978378099342610432,"0"
978382956568956928,"0"
978384863723171840,"1"
978385570014617600,"1"
978386615436566528,"0"
978393977270411264,"0"
978394428577468416,"0"
978395062068502528,"1"
978397222487445504,"1"
978401777929334784,"0"
978403019439202304,"0"
978403392660779008,"1"
978404728735457280,"1"
978408122162200576,"0"
978408935131680768,"1"
978413256728395776,"1"
978418749471690752,"0"
978424972917035008,"1"
978430857827508224,"0"
978432249866735616,"1"
978436442820001792,"1"
978437702650646528,"1"
978440809275047936,"1"
978443980097630208,"1"
978444939687354368,"0"
978448109905764352,"0"
978450657970601984,"0"
978453708303351808,"1"
978459187612073984,"0"
978463621977133056,"0"
978464326213189632,"1"
978466268150943744,"1"
978477669913415680,"1"
978484650841661440,"0"
978485741088006144,"0"
978486118562848768,"0"
978488118264418304,"0"
978492757621780480,"0"
978506082493480960,"1"
978509894428057600,"1"
978518260609159168,"1"
978519421349187584,"1"
978537946612580352,"1"
978545621169827840,"1"
978548624043933696,"1"
978549525404110848,"0"
978555880018010112,"0"
978584629169942528,"0"
978586685238906880,"1"
978594985783255040,"1"
978595579222790144,"0"
978598373560221696,"1"
978603850528632832,"0"
978606309309259776,"0"
978606373020848128,"0"
978606589262417920,"0"
978619791245283328,"0"
978626290822668288,"0"
978626920681230336,"1"
978629692625321984,"0"
978632828870119424,"0"
978633539506835456,"1"
978638738468192256,"0"
978645238620262400,"1"
978646139275825152,"1"
978647754904948736,"0"
978648615127314432,"1"
978654055856836608,"0"
978655119465103360,"1"
978661851289608192,"1"
978675143655510016,"1"
978675700436815872,"0"
978676050430345216,"0"
978684715560587264,"0"
978690679202250752,"0"
978695707518410752,"0"
978698188193398784,"0"
978706554533957632,"1"
978707460281323520,"0"
978708484802965504,"0"
978711849502945280,"0"
978713117520785408,"1"
978714021766549504,"1"
978715704919805952,"0"
978718373554073600,"0"
978719031418122240,"1"
978721266399043584,"0"
978732286777716736,"0"
978742750018449408,"1"
978743165283905536,"1"
978745353087299584,"1"
978748513927524352,"1"
978749422354931712,"1"
978755275149672448,"0"
978755696891064320,"0"
978763382810488832,"0"
978767522345336832,"0"
978769029732192256,"0"
978769307076321280,"1"
978770048474075136,"1"
978770146608197632,"0"
978770761119911936,"1"
978775331963392000,"1"
978778366445867008,"1"
978783797977104384,"1"
978784313364959232,"1"
978785567465865216,"0"
978787519545466880,"0"
978792314435813376,"0"
978795783158992896,"1"
978797970014527488,"1"
978799538097049600,"1"
978800185152344064,"1"
978802747976843264,"1"
978805126348521472,"1"
978805523226165248,"1"
978806694028435456,"0"
978808634783170560,"1"
978810959958630400,"1"
978817178668552192,"1"
978830820269084672,"1"
978846271984295936,"1"
978890483345842176,"0"
978901613422268416,"0"
978904677080289280,"0"
978916261047316480,"1"
978917190123573248,"1"
978918383071715328,"1"
978924609666994176,"1"
978927661824249856,"1"
978934724164046848,"0"
978935578011013120,"0"
978954639763759104,"0"
978955103091789824,"0"
978958121799385088,"0"
978958630543417344,"0"
978962630059667456,"0"
978965857262030848,"0"
978972565204094976,"1"
978974107571191808,"0"
978974803888570368,"0"
978976499561910272,"1"
978979191180972032,"0"
978980932131672064,"0"
978988578880471040,"0"
978994867098484736,"1"
979003154401460224,"0"
979010707378196480,"1"
979013435584319488,"1"
979013493465800704,"1"
979015216339079168,"1"
979015907111563264,"1"
979025365892034560,"1"
979027319821041664,"1"
979027887780257792,"1"
979035094022328320,"0"
979049332522586112,"0"
979053114824142848,"1"
979055129763573760,"0"
979056801437093888,"0"
979057247547482112,"0"
979059371639525376,"0"
979069555048894464,"1"
979087072764968960,"1"
979096307607441408,"0"
979098451714691072,"0"
979100864760700928,"1"
979103932030087168,"0"
979107080605917184,"1"
979114262814691328,"0"
979116928030658560,"1"
979119965394452480,"0"
979127375723139072,"1"
979128888247889920,"0"
979131741041582080,"1"
979145411075149824,"0"
979151372598722560,"1"
979157827259437056,"1"
979175044575358976,"0"
979175736950034432,"1"
979177680317960192,"0"
979184919271301120,"1"
979186794460835840,"1"
979190689320742912,"0"
979191326666260480,"0"
979221724410601472,"0"
979222470069596160,"0"
979223343168737280,"1"
979265365791428608,"1"
979277844739182592,"1"
979281653808889856,"1"
979282115559854080,"1"
979289483165171712,"1"
979289501959970816,"1"
979298828049371136,"1"
979301354400354304,"1"
979301720961486848,"0"
979302666714124288,"0"
979302677061488640,"0"
979304581246185472,"1"
979304598006616064,"1"
979311813002133504,"1"
979319401093746688,"1"
979326405694586880,"1"
979331985113059328,"1"
979342825719558144,"0"
979349935979032576,"0"
979349990047977472,"0"
979352235623710720,"1"
979362422300532736,"1"
979363907692367872,"0"
979373145739223040,"1"
979377016385318912,"0"
979377120475533312,"1"
979386844717731840,"0"
979387722438602752,"1"
979394233227411456,"1"
979395432726933504,"0"
979396376424431616,"0"
979396977833033728,"1"
979407476528263168,"1"
979424741600743424,"0"
979426720318218240,"1"
979433396278620160,"0"
979436055014400000,"0"
979450388574240768,"0"
979452631906209792,"0"
979462751847374848,"0"
979463207843713024,"1"
979470779783041024,"0"
979473666449858560,"0"
979478349264408576,"1"
979478428398350336,"0"
979482771994365952,"0"
979482830983057408,"0"
979486190687711232,"1"
979498717370707968,"0"
979516055847653376,"1"
979523567195951104,"1"
979535965726396416,"0"
979557094197260288,"0"
979560326533472256,"0"
979574347991003136,"1"
979578872617299968,"0"
979587800143077376,"1"
979587814814900224,"0"
979589533871362048,"0"
979590432756727808,"0"
979603794345394176,"0"
979614545961353216,"1"
979616952246206464,"1"
979618837279604736,"0"
979619479180234752,"1"
979619880235278336,"1"
979620519048867840,"1"
979633860353904640,"0"
979634252563275776,"0"
979634258556878848,"0"
979639377084198912,"0"
979649353487998976,"1"
979655526157111296,"1"
979662430048571392,"0"
979679642390024192,"0"
979696872452435968,"1"
979699075766366208,"1"
979699080006979584,"1"
979699487944990720,"1"
979703157189169152,"0"
979712351241846784,"0"
979724997278273536,"0"
979725591015342080,"0"
979729039622582272,"0"
979729304148959232,"1"
979730922944778240,"0"
979731335886581760,"1"
979739698661793792,"1"
979740259222245376,"0"
979748825513517056,"0"
979748893331206144,"0"
979750182043742208,"0"
979750211903016960,"0"
979755990240215040,"0"
979756777519525888,"0"
979762577172549632,"0"
979764974305263616,"0"
979768921300656128,"0"
979772409145384960,"1"
979784117700190208,"0"
979784937535614976,"1"
979785289546608640,"1"
979789370134814720,"0"
979791983425282048,"1"
979796123278753792,"0"
979809494162079744,"0"
979811629352222720,"1"
979815790634569728,"1"
979816894856384512,"1"
979818748659077120,"1"
979824422721937408,"0"
979825628118646784,"1"
979831191472955392,"1"
979836960712921088,"0"
979839991680589824,"0"
979843550626983936,"0"
979845737717665792,"0"
979849641784217600,"1"